John Doe,1234567,12345,1234567,jdoe001
Jane Doe,2345678,23456,2345678,jdoe002
Goro Azuma,3456789,34567,3456789,gazum001
Jim Smith,4567890,45678,4567890,jsmith964
Thomas Hall,5678901,56789,5678901,thall025
Trevor Cickovski,6789012,678901,6789012,tcickovs
Michael Floyd,7890123,7890,7890123,mfloy235
Golden Tate,8901234,89012,8901234,gtate074
Jimmy Clausen,9012345,9012,9012345,jclau003
Mark Rosenberg,9876543,01234,9876543,mrose005
Emma Stone,8765432,987654,8765432,eston794
Pusheen TheCat,7654321,87654,7654321,pusheen
Linus Torvalds,6543210,76543,6543210,ltorv001
Microsoft Windows,5432109,65432,5432109,windoze
Alan Turing,4321098,54321,4321098,aturi001
Neil Peart,3210987,43210,3210987,npear005
Larry Mullen Jr,2109876,32109,2109876,lmull101
Pete Carroll,1098765,21098,1098765,carroll
Zack Morris,0987654,10987,0987654,zmorr193
Oscar The Grouch,1357924,09876,1357924,groucho
Karl Marx,3579246,13579,3579246,marxist
James Bond,5792468,007,5792468,jbond007
